ID,Levels,Level Range,Classification,Type,Patch,Health
68036,??,False,Elite,Aberration,5.1.0,"10499,662,412"
69017,??,False,Elite,Aberration,5.2.0,"10328,666,831"
72276,??,False,Elite,Aberration,5.4.0,"193,637,362"
64403,"35, 70",True,Elite,Beast,5.0.1,"14,986"
73167,"35, 70",True,Rare Elite,Beast,5.4.0,"164,806"
60410,??,False,Elite,Beast,5.0.1,"305,295,904"
69161,??,False,Elite,Beast,5.2.0,"1,427,000"
69099,??,False,Elite,Beast,5.2.0,"8,907,500"
51052,30,False,Rare,Beast,5.2.0,"2,406"
50990,40,False,Rare Elite,Beast,5.4.2,"123,150"
71529,??,False,Elite,Beast,5.4.0,"244,973,792"
62346,??,False,Elite,Beast,5.0.1,"1,048,845"
57237,"23, 70",True,Normal,Beast,5.0.1,"1,989"
50992,"29, 40",True,Rare Elite,Beast,5.4.2,"61,575"
69946,"10, 70",True,Elite,Beast,5.2.0,"179,290"
59533,35,False,Normal,Beast,5.0.1,"3,150"
50883,"20, 40",True,Rare Elite,Beast,5.4.2,"49,260"
50839,30,False,Rare,Beast,5.1.0,"4,190"
51015,40,False,Rare Elite,Beast,5.4.2,"98,520"
69712,??,False,Elite,Beast,5.2.0,"10466,351,585"
69947,"20, 70",True,Elite,Beast,5.2.0,"383,870"
69943,"25, 70",True,Elite,Beast,5.2.0,"19,890"
68476,??,False,Elite,Beast,5.2.0,"10832,770,687"
65090,50,False,Normal,Beast,5.4.2,"14,278"
69998,"38, 73",True,Rare Elite,Beast,5.2.0,"352,389"
50842,30,False,Rare,Beast,5.2.0,"3,208"
73166,"35, 70",True,Rare Elite,Beast,5.4.0,"61,804"
58336,??,False,Elite,Beast,5.0.1,"495,764,400"
50357,30,False,Rare,Beast,5.1.0,"4,070"
50960,"35, 70",True,Elite,Beast,5.0.4,"1,806,370"
58456,"35, 70",True,Normal,Beast,5.0.1,"9,199"
50981,40,False,Rare Elite,Beast,5.4.2,"73,890"
64965,"35, 70",True,Elite,Beast,5.0.1,"70,659"
71992,??,False,Elite,Beast,5.4.0,"495,764,400"
58768,"35, 70",True,Rare,Beast,5.0.1,"1,045,966"
50843,70,False,Elite,Beast,5.0.4,"343,572"
50343,"24, 37",True,Rare,Beast,5.2.0,"1,196"
63920,"35, 70",True,Elite,Beast,5.0.1,"39,780"
51077,"8, 35",True,Rare,Beast,5.1.0,"3,053"
69795,??,False,Elite,Beast,5.2.0,"1,110,489"
62442,??,False,Elite,Beast,5.0.1,"10686,150,271"
50819,30,False,Rare,Beast,5.1.0,"2,406"
50813,30,False,Rare,Beast,5.1.0,"3,053"
50837,30,False,Rare,Beast,5.1.0,"2,406"
50737,30,False,Rare,Beast,5.1.0,"3,053"
72876,"35, 70",True,Elite,Beast,5.4.0,"133,225"
50833,"20, 30",True,Rare,Beast,5.1.0,"3,053"
50908,"9, 30",True,Rare,Beast,5.2.0,"3,053"
56754,"26, 72",True,Elite,Beast,5.0.1,"84,275"
50818,30,False,Rare,Beast,5.2.0,"3,053"
50348,30,False,Rare,Beast,5.1.0,"2,406"
73531,"35, 70",True,Elite,Beast,5.4.0,"38,963"
55874,12,False,Normal,Beast,5.0.1,830
50995,30,False,Rare,Beast,5.2.0,"3,053"
73279,"35, 70",True,Rare Elite,Beast,5.4.0,"1,373,381"
50803,"6, 30",True,Rare,Beast,5.2.0,98
16874,70,False,Normal,Beast,5.4.2,"338,757"
73161,"35, 70",True,Rare,Beast,5.4.0,"90,912"
64638,"35, 70",True,Normal,Beast,5.0.1,"4,051"
59536,35,False,Normal,Beast,5.0.1,"3,150"
50993,"20, 30",True,Rare,Beast,5.1.0,"3,143"
72805,"35, 70",True,Elite,Beast,5.4.0,"1,469,391"
71953,??,False,Elite,Beast,5.4.0,"33,314,668"
66467,??,False,Elite,Beast,5.0.3,"1,272,500"
50958,"35, 70",True,Elite,Beast,5.0.3,"19,890"
72049,"35, 70",True,Rare,Beast,5.4.0,"17,124"
56329,"16, 70",True,Normal,Beast,5.0.1,"3,125"
73160,"35, 70",True,Rare,Beast,5.4.0,"23,625"
50346,30,False,Rare,Beast,5.1.0,"2,406"
50997,30,False,Rare,Beast,5.2.0,"2,406"
51040,"30, 58",True,Rare,Beast,5.1.0,"1,638"
50784,"30, 37",True,Rare,Beast,5.2.0,"5,088"
69396,"37, 72",True,Elite,Beast,5.2.0,"276,274"
50856,"30, 57",True,Rare,Beast,5.2.0,"2,062"
67977,??,False,Elite,Beast,5.2.0,"10407,343,720"
50353,"20, 30",True,Rare,Beast,5.2.0,"3,143"
50947,"30, 60",True,Rare,Beast,5.2.0,"3,425"
50922,"30, 58",True,Rare,Beast,5.2.0,"3,053"
55236,"19, 70",True,Normal,Beast,5.0.1,"8,681"
70008,"35, 70",True,Elite,Beast,5.2.0,"415,597"
71921,"37, 72",True,Elite,Beast,5.4.0,"361,398"
51027,"30, 57",True,Rare,Beast,5.1.0,"2,139"
58474,"35, 70",True,Normal,Beast,5.0.1,"7,459"
16872,70,False,Normal,Beast,5.4.2,"338,757"
50915,30,False,Rare,Beast,5.2.0,"2,406"
61848,"25, 70",True,Elite,Beast,5.0.1,"3,939,000"
50809,"19, 30",True,Rare,Beast,5.1.0,"3,053"
50874,30,False,Rare,Beast,5.1.0,"3,053"
50792,30,False,Rare,Beast,5.2.0,"5,088"
72765,"35, 70",True,Elite,Beast,5.4.0,"79,921"
72777,"35, 70",True,Normal,Beast,5.4.0,"308,074"
72193,"35, 70",True,Rare,Beast,5.4.0,"63,000"
72808,"35, 70",True,Rare Elite,Beast,5.4.0,"3,922,370"
51045,"20, 30",True,Rare,Beast,5.1.0,"3,143"
72775,"35, 70",True,Rare Elite,Beast,5.4.0,"41,202"
51044,"9, 30",True,Rare,Beast,5.1.0,205
63510,"35, 70",True,Rare,Beast,5.0.1,"1,307,457"
51067,30,False,Rare,Beast,5.2.0,"3,053"
73158,"35, 70",True,Rare,Beast,5.4.0,"18,900"
50328,"5, 30",True,Rare,Beast,5.1.0,"3,053"
68220,"37, 72",True,Elite,Beast,5.1.0,"1,210,227"
51048,"30, 60",True,Rare,Beast,5.2.0,"2,719"
73163,"35, 70",True,Rare Elite,Beast,5.4.0,"43,492"
50370,30,False,Rare,Beast,5.2.0,"2,406"
68491,"5, 70",True,Normal,Beast,5.1.0,57
51042,"30, 58",True,Rare,Beast,5.2.0,"3,330"
63895,70,False,Normal,Beast,5.0.1,"361,274"
60131,"31, 70",True,Normal,Beast,5.0.1,710
69177,"37, 72",True,Elite,Beast,5.2.0,"1020,319,505"
58432,"20, 70",True,Normal,Beast,5.0.1,809
70020,"35, 70",True,Elite,Beast,5.2.0,"207,799"
51022,30,False,Rare,Beast,5.1.0,"3,053"
69339,"37, 72",True,Elite,Beast,5.2.0,"152,700"
50916,"6, 59",True,Rare,Beast,5.1.0,"16,551"
59535,35,False,Normal,Beast,5.0.1,"1,989"
51031,"19, 58",True,Rare,Beast,5.1.0,"3,236"
60047,??,False,Elite,Beast,5.0.4,"10149,898,724"
72045,"35, 70",True,Rare,Beast,5.4.0,"22,050"
64717,"35, 70",True,Elite,Beast,5.0.1,"14,038"
56256,"20, 70",True,Normal,Beast,5.0.1,"2,088"
56877,"37, 72",True,Elite,Beast,5.0.1,"210,688"
50882,30,False,Rare,Beast,5.1.0,"3,053"
64514,"35, 70",True,Normal,Beast,5.0.1,"1,989"
50846,30,False,Rare Elite,Beast,5.2.0,"10,175"
71955,??,False,Elite,Beast,5.4.0,"33,314,668"
50825,"30, 62",True,Rare,Beast,5.2.0,"1,591"
50949,30,False,Rare,Beast,5.1.0,"3,053"
50903,30,False,Rare,Beast,5.2.0,"2,406"
50945,"30, 37",True,Rare,Beast,5.2.0,"3,053"
70005,"35, 70",True,Elite,Beast,5.2.0,"155,849"
50855,30,False,Rare,Beast,5.2.0,"2,406"
58218,"18, 70",True,Normal,Beast,5.0.1,"2,387"
66184,"35, 70",True,Normal,Beast,5.0.3,"2,854"
50946,30,False,Rare,Beast,5.2.0,"6,285"
51061,30,False,Rare,Beast,5.1.0,"6,105"
63538,"20, 70",True,Normal,Beast,5.0.1,"3,978"
66164,"35, 70",True,Normal,Beast,5.0.3,"2,854"
63007,"35, 70",True,Normal,Beast,5.0.1,"1,989"
51037,"20, 30",True,Rare,Beast,5.2.0,781
59772,"10, 70",True,Normal,Beast,5.0.1,"15,004"
51014,"8, 58",True,Rare,Beast,5.2.0,288
50895,30,False,Rare,Beast,5.2.0,"3,053"
71952,??,False,Elite,Beast,5.4.0,"33,314,668"
50948,30,False,Rare,Beast,5.2.0,"3,143"
68081,??,False,Elite,Beast,5.2.0,"10336,016,887"
50925,30,False,Rare,Beast,5.2.0,"2,406"
50930,"6, 30",True,Rare,Beast,5.1.0,679
51004,30,False,Rare,Beast,5.2.0,"3,053"
70212,??,False,Elite,Beast,5.2.0,"1062,246,763"
71954,??,False,Elite,Beast,5.4.0,"36,090,890"
51000,30,False,Rare,Beast,5.2.0,"4,070"
50858,30,False,Rare,Beast,5.1.0,"3,053"
51017,30,False,Rare,Beast,5.2.0,"2,406"
64745,"35, 70",True,Normal,Beast,5.0.1,"2,854"
50931,"20, 30",True,Rare,Beast,5.2.0,"3,053"
69562,??,False,Elite,Beast,5.2.0,"77,725,264"
50875,30,False,Rare,Beast,5.1.0,"3,143"
70494,"35, 70",True,Normal,Beast,5.2.0,"5,708"
58455,"35, 70",True,Normal,Beast,5.0.1,"1,989"
59742,"11, 70",True,Normal,Beast,5.0.1,"2,159"
63537,"16, 70",True,Normal,Beast,5.0.1,623
71923,"37, 72",True,Elite,Beast,5.4.0,"361,332"
50807,30,False,Rare,Beast,5.2.0,"3,053"
50986,"30, 62",True,Rare,Beast,5.1.0,"3,053"
69218,"35, 70",True,Elite,Beast,5.2.0,"945,000"
65229,"35, 70",True,Elite,Beast,5.0.4,"35,330"
50865,30,False,Rare,Beast,5.1.0,"2,406"
66668,"10, 70",True,Normal,Beast,5.0.4,"1,679"
70136,"35, 70",True,Normal,Beast,5.2.0,"2,854"
69993,"35, 70",True,Elite,Beast,5.2.0,"1,332,587"
55786,??,False,Elite,Beast,5.0.1,"2,088"
50725,30,False,Rare,Beast,5.1.0,"4,070"
50952,30,False,Rare,Beast,5.2.0,"3,053"
50337,"30, 36",True,Rare,Beast,5.1.0,"1,129"
70493,"35, 70",True,Normal,Beast,5.2.0,"4,973"
50926,"6, 50",True,Rare,Beast,5.1.0,289
72909,"35, 70",True,Rare,Beast,5.4.0,"29,758"
56703,"35, 70",True,Elite,Beast,5.0.1,"2,854,000"
50777,30,False,Rare,Beast,5.1.0,"3,053"
50361,30,False,Rare,Beast,5.2.0,"4,070"
50786,"27, 30",True,Rare,Beast,5.2.0,"1,262"
59534,"25, 70",True,Normal,Beast,5.0.1,"3,018"
50797,30,False,Rare,Beast,5.2.0,"2,406"
67820,35,False,Elite,Beast,5.1.0,"1,969,705"
50897,30,False,Rare,Beast,5.2.0,"2,406"
72452,"36, 71",True,Elite,Beast,5.4.0,"126,389,876"
50743,30,False,Rare,Beast,5.2.0,"3,053"
50765,"28, 42",True,Rare,Beast,5.1.0,"1,270"
59754,"35, 70",True,Normal,Beast,5.0.1,"1,427"
62448,"35, 70",True,Normal,Beast,5.0.1,796
69773,"50, 70",True,Normal,Beast,5.2.0,"17,628"
50942,"6, 30",True,Rare,Beast,5.1.0,634
72762,"30, 70",True,Elite,Beast,5.4.0,"587,742"
62023,"35, 70",True,Normal,Beast,5.0.1,"334,709"
50342,"30, 57",True,Rare,Beast,5.2.0,"3,330"
63765,70,False,Normal,Beast,5.0.1,"111,049"
56833,"20, 70",True,Normal,Beast,5.0.1,"5,708"
51029,30,False,Rare,Beast,5.2.0,"6,105"
50329,30,False,Rare Elite,Beast,5.2.0,"10,175"
66633,"17, 70",True,Elite,Beast,5.0.3,"7,135"
50940,"20, 30",True,Rare,Beast,5.2.0,"3,053"
50730,30,False,Rare,Beast,5.1.0,"2,406"
62309,"35, 70",True,Elite,Beast,5.0.1,"397,800"
50790,30,False,Rare,Beast,5.1.0,"2,406"
64724,"35, 70",True,Elite,Beast,5.0.4,"35,330"
69306,"35, 70",True,Normal,Beast,5.2.0,"2,854"
51076,"20, 30",True,Rare,Beast,5.2.0,631
69991,"35, 70",True,Elite,Beast,5.2.0,"3,553,565"
69992,"35, 70",True,Elite,Beast,5.2.0,"888,392"
50804,"27, 36",True,Rare,Beast,5.1.0,"3,053"
50752,"7, 30",True,Rare,Beast,5.1.0,714
58921,35,False,Normal,Beast,5.0.1,"4,281"
51058,30,False,Rare,Beast,5.1.0,"3,053"
63728,"35, 70",True,Elite,Beast,5.0.1,"9,991"
65231,"35, 70",True,Normal,Beast,5.0.1,"2,854"
50929,30,False,Rare,Beast,5.2.0,"3,053"
58453,"35, 70",True,Normal,Beast,5.0.1,"2,854"
50864,30,False,Rare,Beast,5.1.0,"2,406"
50891,30,False,Rare,Beast,5.2.0,"2,406"
62767,"35, 70",True,Elite,Beast,5.0.1,"79,560"
58070,"21, 70",True,Normal,Beast,5.0.1,"15,004"
63978,"35, 70",True,Rare,Beast,5.0.1,"1,830,439"
50742,30,False,Rare,Beast,5.2.0,"3,053"
68079,??,False,Elite,Beast,5.2.0,"10508,090,051"
51069,30,False,Rare,Beast,5.2.0,"3,143"
54988,"10, 70",True,Normal,Beast,5.0.1,"1,989"
64554,??,False,Elite,Beast,5.0.1,"2,152"
51018,30,False,Rare,Beast,5.2.0,"2,406"
72807,"30, 70",True,Normal,Beast,5.4.0,"116,936"
59602,35,False,Normal,Beast,5.0.1,"1,989"
60202,"20, 70",True,Normal,Beast,5.0.1,"2,854"
68080,??,False,Elite,Beast,5.2.0,"10413,246,575"
66617,"19, 70",True,Elite,Beast,5.0.4,"12,045"
70004,"35, 70",True,Elite,Beast,5.2.0,"1,332,587"
66772,"11, 71",True,Elite,Beast,5.0.3,"3,151,528"
50892,30,False,Rare,Beast,5.2.0,"3,053"
69349,"35, 70",True,Normal,Beast,5.2.0,"176,527"
64321,"35, 70",True,Normal,Beast,5.0.1,"2,283"
51046,"20, 46",True,Rare,Beast,5.1.0,"2,139"
72095,"35, 70",True,Normal,Beast,5.4.0,"3,150"
51026,"14, 30",True,Rare,Beast,5.2.0,678
65802,"20, 70",True,Normal,Beast,5.0.1,"1,427"
66587,"35, 70",True,Elite,Beast,5.0.3,"42,632"
50788,"20, 30",True,Rare,Beast,5.1.0,"3,143"
66755,"20, 70",True,Elite,Beast,5.0.3,"122,881"
50785,30,False,Rare,Beast,5.1.0,"3,053"
50838,30,False,Rare,Beast,5.1.0,"3,053"
69180,"35, 70",True,Normal,Beast,5.2.0,"4,725"
51028,30,False,Rare,Beast,5.1.0,"3,053"
65559,??,False,Elite,Beast,5.0.1,"2,152"
60051,??,False,Elite,Beast,5.0.3,"10149,898,724"
72766,"35, 70",True,Elite,Beast,5.4.0,"9,621"
50728,"30, 52",True,Rare,Beast,5.1.0,"2,952"
67477,??,False,Elite,Beast,5.2.0,"1,110,457"
50937,"19, 30",True,Rare,Beast,5.2.0,"3,053"
69128,"35, 70",True,Normal,Beast,5.2.0,571
69907,"35, 70",True,Elite,Beast,5.2.0,"2,854"
58415,"25, 70",True,Normal,Beast,5.0.1,"2,854"
51063,30,False,Rare,Beast,5.1.0,"3,053"
65839,"20, 70",True,Normal,Beast,5.0.1,"11,937"
50763,"6, 30",True,Rare,Beast,5.1.0,"3,053"
64309,"20, 70",True,Normal,Beast,5.0.1,"2,854"
51021,30,False,Rare,Beast,5.1.0,"2,406"
51057,"22, 54",True,Rare,Beast,5.2.0,950
56752,"24, 70",True,Normal,Beast,5.0.1,"1,855"
60043,??,False,Elite,Beast,5.0.3,"10149,898,724"
59756,35,False,Elite,Beast,5.0.1,"15,853"
65204,1,False,Normal,Critter,5.0.1,5
65552,"35, 70",True,Normal,Critter,5.0.3,398
66466,"30, 47",True,Normal,Demon,5.0.3,"1,284"
62541,??,False,Elite,Demon,5.0.1,"6,745,472"
66442,30,False,Normal,Demon,5.0.3,"2,095"
70075,36,False,Elite,Demon,5.2.0,"147,650"
72249,??,False,Elite,Dragonkin,5.4.0,"813,756,232"
59788,"13, 70",True,Normal,Dragonkin,5.0.1,499
63546,30,False,Elite,Dragonkin,5.0.3,"5,502"
64616,"35, 70",True,Elite,Dragonkin,5.0.1,"31,087"
73691,"35, 70",True,Elite,Dragonkin,5.4.0,"985,750"
71533,30,False,Normal,Dragonkin,5.3.0,"1,604"
72870,"35, 70",True,Elite,Dragonkin,5.4.0,"89,443,293"
71924,70,False,Normal,Dragonkin,5.4.0,"111,055"
60491,??,False,Elite,Elemental,5.0.1,"856,200"
73282,"35, 70",True,Rare Elite,Elemental,5.4.0,"64,092"
60999,??,False,Elite,Elemental,5.0.1,"10637,129,548"
71543,??,False,Elite,Elemental,5.4.0,"468,039,315"
68465,"20, 70",True,Normal,Elemental,5.1.0,"2,855"
68464,"28, 70",True,Normal,Elemental,5.1.0,"30,427"
68463,"34, 70",True,Normal,Elemental,5.1.0,"5,648"
71864,"35, 70",True,Rare,Elemental,5.4.0,"36,624"
72970,"35, 70",True,Rare Elite,Elemental,5.4.0,"2,288,968"
62983,??,False,Elite,Elemental,5.0.1,"10353,041,407"
68462,"52, 70",True,Normal,Elemental,5.1.0,"30,427"
62596,35,False,Normal,Elemental,5.0.1,"3,151"
69471,"37, 72",True,Elite,Elemental,5.2.0,"152,700"
71734,??,False,Elite,Elemental,5.4.0,"680,373,696"
73175,"35, 70",True,Rare Elite,Elemental,5.4.0,"519,497"
72769,"35, 70",True,Rare,Elemental,5.4.0,"30,902"
72280,"35, 70",True,Normal,Elemental,5.4.0,"231,056"
72245,"35, 70",True,Rare,Elemental,5.4.0,"26,550"
59651,"28, 70",True,Normal,Elemental,5.0.1,"14,137"
72767,"35, 70",True,Elite,Elemental,5.4.0,"15,986"
69767,"35, 70",True,Elite,Elemental,5.2.0,"159,120"
56439,"12, 72",True,Elite,Elemental,5.0.1,"329,116"
59479,"21, 72",True,Elite,Elemental,5.0.1,"206,975"
73157,"35, 70",True,Rare Elite,Elemental,5.4.0,"73,247"
56719,"26, 72",True,Elite,Elemental,5.0.1,"167,970"
72809,"35, 70",True,Elite,Elemental,5.4.0,"85,620"
69336,"37, 72",True,Normal,Elemental,5.2.0,"20,226"
71919,"35, 70",True,Rare,Elemental,5.4.0,"34,336"
58771,"35, 70",True,Rare,Elemental,5.0.1,"706,107"
72888,"35, 70",True,Elite,Elemental,5.4.0,"91,559"
70153,"37, 72",True,Elite,Elemental,5.2.0,"18,668,594"
68228,"35, 70",True,Normal,Elemental,5.1.0,"9,199"
73162,"35, 70",True,Elite,Elemental,5.4.0,"16,519"
66900,"35, 70",True,Elite,Giant,5.0.4,"51,600"
65435,70,False,Elite,Giant,5.0.5,"85,620"
64518,"35, 70",True,Normal,Humanoid,5.0.1,"361,274"
56777,"25, 35",True,Normal,Humanoid,5.0.1,"3,150"
63721,"20, 70",True,Normal,Humanoid,5.0.1,"2,290"
59369,"11, 71",True,Rare Elite,Humanoid,5.0.4,"2,775,648"
71865,??,False,Elite,Humanoid,5.4.0,"172,550,077"
63596,"1, 70",True,Normal,Humanoid,5.0.1,"16,122"
64922,35,False,Elite,Humanoid,5.0.1,"23,778"
59908,35,False,Normal,Humanoid,5.0.1,"3,150"
70398,"20, 70",True,Normal,Humanoid,5.2.0,"2,129"
63626,"1, 80",True,Normal,Humanoid,5.0.1,"15,007"
50985,40,False,Rare Elite,Humanoid,5.4.2,"123,150"
64595,35,False,Normal,Humanoid,5.0.1,"3,150"
58414,"20, 70",True,Normal,Humanoid,5.0.1,706
70270,35,False,Normal,Humanoid,5.2.0,"15,910"
55143,"20, 35",True,Normal,Humanoid,5.0.1,624
69925,"35, 70",True,Elite,Humanoid,5.2.0,"23,396"
61650,35,False,Normal,Humanoid,5.0.1,"3,465"
59200,"12, 72",True,Elite,Humanoid,5.0.1,"11,104,564"
65186,35,False,Normal,Humanoid,5.0.1,"3,150"
69769,"35, 70",True,Rare Elite,Humanoid,5.2.0,"161,740"
50739,"35, 70",True,Rare,Humanoid,5.0.3,"30,451"
64599,"35, 70",True,Normal,Humanoid,5.0.1,"3,785"
64032,"35, 70",True,Normal,Humanoid,5.0.1,"261,492"
57405,"23, 70",True,Elite,Humanoid,5.0.1,"1,884"
50333,"30, 70",True,Rare,Humanoid,5.0.3,"29,399"
71304,"30, 35",True,Normal,Humanoid,5.3.0,"1,604"
70003,"38, 73",True,Rare Elite,Humanoid,5.2.0,"52,305"
69664,"37, 72",True,Rare Elite,Humanoid,5.2.0,"352,318"
70271,??,False,Elite,Humanoid,5.2.0,"525,180"
65098,35,False,Normal,Humanoid,5.0.3,"3,150"
64606,35,False,Normal,Humanoid,5.0.1,"3,150"
65127,35,False,Normal,Humanoid,5.0.1,"3,150"
64231,"20, 40",True,Normal,Humanoid,5.0.1,"1,525"
57620,7,False,Normal,Humanoid,5.0.1,82
62996,"30, 70",True,Normal,Humanoid,5.0.1,"1,604"
66022,"11, 70",True,Normal,Humanoid,5.0.1,"16,122"
63327,1,False,Normal,Humanoid,5.0.1,28
58843,"61, 70",True,Normal,Humanoid,5.0.1,"30,427"
58632,"12, 72",True,Elite,Humanoid,5.0.1,"70,734"
72057,??,False,Elite,Humanoid,5.4.0,"112,898,067"
65927,"12, 35",True,Normal,Humanoid,5.0.3,"1,989"
73151,"70, 80",True,Normal,Humanoid,5.4.0,"2,478,822"
69971,30,False,Normal,Humanoid,5.2.0,"2,095"
65121,35,False,Normal,Humanoid,5.0.1,"3,150"
66242,"26, 37",True,Normal,Humanoid,5.0.3,"1,989"
70346,35,False,Normal,Humanoid,5.2.0,"3,150"
69768,"35, 70",True,Rare,Humanoid,5.2.0,"452,882"
69473,??,False,Elite,Humanoid,5.3.0,"10625,133,196"
69060,35,False,Normal,Humanoid,5.1.0,"22,050"
68397,??,False,Elite,Humanoid,5.2.0,"10738,945,189"
65092,35,False,Normal,Humanoid,5.0.4,"1,989"
69059,35,False,Normal,Humanoid,5.1.0,"22,050"
68143,"30, 70",True,Elite,Humanoid,5.1.0,"5,909,115"
64605,35,False,Normal,Humanoid,5.0.1,"3,150"
65068,"50, 70",True,Normal,Humanoid,5.0.1,"16,122"
69997,"38, 73",True,Rare Elite,Humanoid,5.2.0,"27,896"
55103,"9, 80",True,Normal,Humanoid,5.4.2,"70,624"
58706,"20, 35",True,Normal,Humanoid,5.0.1,"2,854"
69842,"35, 70",True,Rare Elite,Humanoid,5.2.0,"1,612,055"
56133,"15, 70",True,Elite,Humanoid,5.0.1,"165,060"
58564,"11, 70",True,Normal,Humanoid,5.0.1,"15,004"
70360,??,False,Elite,Humanoid,5.2.0,"111,036,091"
73082,"56, 70",True,Normal,Humanoid,5.4.0,"61,627"
56065,"20, 70",True,Normal,Humanoid,5.0.1,"15,004"
68363,70,False,Elite,Humanoid,5.1.0,"235,820"
50821,"35, 70",True,Rare,Humanoid,5.0.3,"30,451"
65114,35,False,Normal,Humanoid,5.0.3,"2,854"
70002,"38, 73",True,Rare Elite,Humanoid,5.2.0,"888,289"
66685,35,False,Normal,Humanoid,5.0.3,"3,150"
73190,"10, 80",True,Normal,Humanoid,5.4.0,289
64607,35,False,Normal,Humanoid,5.0.1,"3,150"
70000,"38, 73",True,Rare Elite,Humanoid,5.2.0,"1,679,465"
73306,"35, 70",True,Elite,Humanoid,5.4.0,"16,506"
64395,"20, 35",True,Normal,Humanoid,5.0.1,"1,604"
61962,"35, 70",True,Normal,Humanoid,5.0.1,"154,037"
62822,"1, 80",True,Normal,Humanoid,5.0.1,"83,981"
67370,"21, 80",True,Normal,Humanoid,5.1.0,"16,122"
66126,35,False,Normal,Humanoid,5.0.3,"3,150"
54870,"10, 58",True,Normal,Humanoid,5.0.1,"15,004"
69461,"37, 72",True,Normal,Humanoid,5.2.0,"2,098,908"
69996,"37, 72",True,Rare Elite,Humanoid,5.2.0,"888,366"
69999,"38, 73",True,Rare Elite,Humanoid,5.2.0,"3,922,746"
66675,30,False,Normal,Humanoid,5.0.3,"2,095"
66678,35,False,Normal,Humanoid,5.0.4,"3,150"
70001,"38, 73",True,Rare Elite,Humanoid,5.2.0,"1,665,542"
69975,"34, 70",True,Normal,Humanoid,5.2.0,"32,243"
50347,"35, 70",True,Rare,Humanoid,5.0.3,"30,451"
66741,"30, 70",True,Normal,Humanoid,5.0.3,"1,754"
50356,"35, 70",True,Rare,Humanoid,5.0.3,"30,451"
69841,"35, 70",True,Rare Elite,Humanoid,5.2.0,"1,612,055"
68364,70,False,Elite,Humanoid,5.1.0,"864,600"
64001,"35, 70",True,Normal,Humanoid,5.0.1,"9,199"
70096,"37, 72",True,Rare Elite,Humanoid,5.2.0,"337,100"
64330,"5, 45",True,Normal,Humanoid,5.0.1,706
70530,"37, 72",True,Rare,Humanoid,5.2.0,"2,098,908"
67672,35,False,Normal,Humanoid,5.2.0,"31,500"
50341,"25, 70",True,Rare,Humanoid,5.0.3,"2,418,197"
63994,35,False,Normal,Humanoid,5.0.1,"3,150"
70414,"35, 70",True,Normal,Humanoid,5.2.0,"3,978"
64566,"35, 70",True,Elite,Humanoid,5.0.1,"5,502"
60143,??,False,Elite,Humanoid,5.0.1,"218,068,496"
60400,??,False,Elite,Humanoid,5.0.3,"10149,898,724"
50831,"20, 70",True,Rare,Humanoid,5.0.3,"2,418,197"
66936,"35, 70",True,Elite,Humanoid,5.0.4,"15,912"
66738,"35, 70",True,Normal,Humanoid,5.0.3,"12,897"
66980,35,False,Normal,Humanoid,5.0.4,"3,150"
50355,"34, 70",True,Rare,Humanoid,5.0.3,"29,399"
64610,"35, 70",True,Elite,Humanoid,5.0.1,"784,474"
50332,"25, 70",True,Rare,Humanoid,5.0.3,"34,064"
69978,"70, 80",True,Normal,Humanoid,5.2.0,"2,478,822"
63009,"30, 70",True,Elite,Humanoid,5.0.1,"9,404,099"
50830,"20, 70",True,Rare,Humanoid,5.0.3,"2,900,967"
71859,??,False,Elite,Humanoid,5.4.0,"195,138,460"
72007,"35, 70",True,Elite,Humanoid,5.4.0,"26,645"
66824,35,False,Normal,Humanoid,5.0.4,"3,150"
67025,"11, 35",True,Normal,Humanoid,5.0.4,265
69973,30,False,Normal,Humanoid,5.2.0,"2,095"
67881,35,False,Normal,Humanoid,5.1.0,"2,854"
66730,"20, 70",True,Normal,Humanoid,5.0.3,624
50789,"25, 70",True,Rare,Humanoid,5.0.3,"26,145"
62980,??,False,Elite,Humanoid,5.0.3,"305,295,904"
62445,"9, 70",True,Normal,Humanoid,5.0.1,"112,919"
70358,"35, 70",True,Normal,Humanoid,5.2.0,"55,160"
62837,??,False,Elite,Humanoid,5.0.3,"10258,325,467"
68078,??,False,Elite,Humanoid,5.2.0,"10198,199,424"
66822,"30, 35",True,Normal,Humanoid,5.0.4,"1,604"
58761,"33, 70",True,Normal,Humanoid,5.0.1,"15,004"
66815,35,False,Normal,Humanoid,5.0.4,"3,150"
73169,"35, 70",True,Rare Elite,Humanoid,5.4.0,"2,647,901"
66359,35,False,Normal,Humanoid,5.0.3,"8,562"
64515,"35, 70",True,Normal,Humanoid,5.0.1,"2,387"
70535,35,False,Normal,Humanoid,5.2.0,"3,150"
67662,"35, 70",True,Normal,Humanoid,5.2.0,"15,910"
50836,"35, 70",True,Rare,Humanoid,5.0.3,"2,184,329"
65043,"10, 13",True,Normal,Humanoid,5.0.1,120
63086,"9, 70",True,Normal,Humanoid,5.0.1,120
64052,35,False,Normal,Humanoid,5.0.1,"1,989"
50336,"30, 70",True,Rare,Humanoid,5.0.3,"1,342,993"
69633,"37, 72",True,Elite,Humanoid,5.2.0,"152,700"
50840,"35, 70",True,Rare,Humanoid,5.0.3,"2,614,913"
66733,"52, 70",True,Normal,Humanoid,5.0.3,"35,236"
72898,"35, 70",True,Elite,Humanoid,5.4.0,"12,594,775"
63238,3,False,Normal,Humanoid,5.0.1,42
50817,"25, 70",True,Rare,Humanoid,5.0.3,"21,424"
60399,??,False,Elite,Humanoid,5.0.3,"10365,824,837"
73171,"35, 70",True,Rare Elite,Humanoid,5.4.0,"73,247"
64272,"16, 70",True,Normal,Humanoid,5.0.5,"2,854"
68321,"20, 70",True,Rare,Humanoid,5.1.0,"37,800"
56138,"20, 70",True,Normal,Humanoid,5.0.1,"3,482"
66636,30,False,Normal,Humanoid,5.0.3,"2,095"
56637,"20, 72",True,Elite,Humanoid,5.0.1,"206,975"
66734,"35, 70",True,Normal,Humanoid,5.0.3,"9,405"
68000,35,False,Elite,Humanoid,5.2.0,"53,290"
64124,"35, 70",True,Normal,Humanoid,5.0.1,"2,854"
71930,70,False,Normal,Humanoid,5.4.0,"112,919"
50339,"20, 70",True,Rare,Humanoid,5.0.3,"23,782"
16908,"40, 70",True,Normal,Humanoid,5.4.2,"112,919"
58705,"20, 35",True,Normal,Humanoid,5.0.1,"1,754"
69318,30,False,Normal,Humanoid,5.2.0,"1,676"
62737,35,False,Normal,Humanoid,5.0.1,"1,989"
66352,"30, 43",True,Normal,Humanoid,5.0.3,"1,183"
66739,"30, 70",True,Normal,Humanoid,5.0.3,"2,698"
71932,70,False,Normal,Humanoid,5.4.0,"112,919"
69926,"35, 70",True,Elite,Humanoid,5.2.0,"1,298,741"
73172,"35, 70",True,Rare Elite,Humanoid,5.4.0,"94,500"
73305,"35, 70",True,Elite,Humanoid,5.4.0,"629,739"
50816,"20, 70",True,Rare,Humanoid,5.0.3,"24,622"
50822,"35, 70",True,Rare,Humanoid,5.0.3,"2,614,913"
64540,"25, 70",True,Normal,Humanoid,5.0.1,"15,004"
50354,"20, 70",True,Rare,Humanoid,5.0.3,"2,418,197"
69749,"35, 70",True,Elite,Humanoid,5.2.0,"63,640"
50769,"20, 70",True,Rare,Humanoid,5.0.3,"29,114"
72897,"35, 70",True,Elite,Humanoid,5.4.0,"2,400,553"
70400,"35, 70",True,Elite,Humanoid,5.2.0,"11,934"
64058,35,False,Normal,Humanoid,5.0.1,"2,854"
69974,"34, 70",True,Normal,Humanoid,5.2.0,"32,243"
50766,"20, 70",True,Rare,Humanoid,5.0.3,"18,350"
71515,??,False,Elite,Humanoid,5.4.0,"192,136,308"
66557,"65, 70",True,Normal,Humanoid,5.0.3,"53,730"
66478,30,False,Normal,Humanoid,5.0.3,"2,095"
50780,"30, 70",True,Rare,Humanoid,5.0.3,"2,614,913"
65129,35,False,Normal,Humanoid,5.0.1,"1,989"
50805,"35, 70",True,Rare,Humanoid,5.0.3,"26,775"
71929,70,False,Normal,Humanoid,5.4.0,"112,919"
61724,"7, 46",True,Elite,Humanoid,5.0.1,"15,503"
64051,35,False,Normal,Humanoid,5.0.1,"3,150"
64004,"35, 70",True,Normal,Humanoid,5.0.4,"1,989"
64582,35,False,Normal,Humanoid,5.0.1,"3,150"
66639,30,False,Normal,Humanoid,5.0.3,"2,095"
68108,??,False,Elite,Humanoid,5.1.0,"71,073,288"
66522,"21, 30",True,Normal,Humanoid,5.0.3,"1,034"
66552,30,False,Normal,Humanoid,5.0.3,"2,095"
66638,30,False,Normal,Humanoid,5.0.3,"2,095"
50820,"30, 70",True,Rare,Humanoid,5.0.3,"29,399"
59080,"12, 72",True,Elite,Humanoid,5.0.1,"394,425"
63695,"35, 70",True,Rare,Humanoid,5.0.1,"997,124"
58709,35,False,Normal,Humanoid,5.0.1,"2,854"
58228,"16, 70",True,Normal,Humanoid,5.0.1,"149,678"
64691,35,False,Normal,Humanoid,5.0.1,"2,854"
56705,"20, 70",True,Normal,Humanoid,5.0.1,"1,549"
73293,"35, 70",True,Rare,Humanoid,5.4.0,"2,854"
69465,??,False,Elite,Humanoid,5.2.0,"10404,171,374"
62397,??,False,Elite,Humanoid,5.0.1,"10494,665,787"
66819,35,False,Normal,Humanoid,5.0.4,"3,150"
71123,"37, 72",True,Elite,Humanoid,5.3.0,"244,320"
73303,??,False,Elite,Humanoid,5.4.0,"555,245"
50349,"35, 70",True,Rare,Humanoid,5.0.3,"2,099,130"
70316,"35, 70",True,Normal,Humanoid,5.2.0,"1,765,267"
70080,"35, 70",True,Elite,Humanoid,5.2.0,"118,716"
61398,"26, 72",True,Elite,Humanoid,5.0.1,"168,550"
68318,"35, 70",True,Rare,Humanoid,5.1.0,"37,800"
51078,"10, 70",True,Rare,Humanoid,5.0.4,"16,864"
50776,"35, 70",True,Rare,Humanoid,5.0.3,"36,589"
68979,"50, 70",True,Normal,Humanoid,5.1.0,"38,692"
71161,??,False,Elite,Humanoid,5.4.0,"364,562,649"
66520,30,False,Normal,Humanoid,5.0.3,"2,095"
58647,35,False,Normal,Humanoid,5.0.1,"3,150"
64940,35,False,Normal,Humanoid,5.0.1,"3,150"
71931,70,False,Normal,Humanoid,5.4.0,"111,055"
69134,??,False,Elite,Humanoid,5.2.0,"10149,676,620"
69334,"46, 70",True,Normal,Humanoid,5.2.0,"35,236"
69321,30,False,Normal,Humanoid,5.2.0,"2,095"
73277,"35, 70",True,Rare,Humanoid,5.4.0,"22,890"
50734,"30, 70",True,Rare,Humanoid,5.0.3,"29,399"
64597,"35, 70",True,Normal,Humanoid,5.0.1,"2,841"
59150,"12, 72",True,Elite,Humanoid,5.0.1,"440,845"
50828,"20, 70",True,Rare,Humanoid,5.0.3,"1,642,969"
63179,"35, 70",True,Normal,Humanoid,5.0.1,"11,355"
50806,"35, 70",True,Rare,Humanoid,5.0.3,"2,222,676"
58708,35,False,Normal,Humanoid,5.0.1,"3,150"
73307,35,False,Elite,Humanoid,5.4.0,"47,250"
63194,30,False,Normal,Humanoid,5.0.1,"2,095"
59656,"32, 70",True,Normal,Humanoid,5.0.1,"45,011"
71454,??,False,Elite,Humanoid,5.4.0,"207,507,230"
65656,"11, 30",True,Normal,Humanoid,5.0.1,153
67844,"35, 70",True,Elite,Humanoid,5.1.0,"3,424,800"
63014,"6, 30",True,Normal,Humanoid,5.0.1,"2,035"
66918,"32, 70",True,Normal,Humanoid,5.0.4,"35,236"
50733,"25, 70",True,Rare,Humanoid,5.0.3,"3,012,380"
64028,35,False,Normal,Humanoid,5.0.1,"3,150"
50334,"35, 70",True,Rare,Humanoid,5.0.3,"30,451"
62881,"35, 70",True,Rare,Humanoid,5.0.1,"12,600"
50823,"10, 70",True,Rare,Humanoid,5.0.4,"2,149,509"
65648,"6, 59",True,Normal,Humanoid,5.0.1,119
64572,35,False,Normal,Humanoid,5.0.1,"3,150"
16926,"40, 70",True,Normal,Humanoid,5.4.2,"112,919"
71475,??,False,Elite,Humanoid,5.4.0,"122,266,627"
66518,30,False,Normal,Humanoid,5.0.3,"2,095"
66436,"30, 49",True,Normal,Humanoid,5.0.3,"1,447"
66551,30,False,Normal,Humanoid,5.0.3,"2,095"
50782,"10, 70",True,Rare,Humanoid,5.0.4,"25,200"
50832,"30, 70",True,Rare,Humanoid,5.0.3,"3,123,793"
62304,"35, 70",True,Normal,Humanoid,5.0.1,"268,689"
70436,"35, 70",True,Elite,Humanoid,5.2.0,"1,806,370"
66412,30,False,Normal,Humanoid,5.0.3,"2,095"
64191,"20, 70",True,Normal,Humanoid,5.0.3,"1,989"
50344,"30, 70",True,Rare,Humanoid,5.0.3,"26,636"
66979,"21, 35",True,Normal,Humanoid,5.0.4,"1,604"
62543,??,False,Elite,Humanoid,5.0.1,"10164,888,596"
66635,30,False,Normal,Humanoid,5.0.3,"2,035"
66422,"30, 38",True,Normal,Humanoid,5.0.3,940
69702,"38, 73",True,Elite,Humanoid,5.2.0,"25365,520"
69333,"1, 70",True,Normal,Humanoid,5.2.0,799
58420,"17, 70",True,Normal,Humanoid,5.0.1,"268,689"
50351,"20, 70",True,Rare,Humanoid,5.0.3,"17,738"
50338,"10, 70",True,Rare,Humanoid,5.0.4,"1,236"
66515,"30, 50",True,Normal,Humanoid,5.0.3,"2,095"
66550,30,False,Normal,Humanoid,5.0.3,"2,095"
58707,35,False,Normal,Humanoid,5.0.1,"3,150"
66162,"35, 70",True,Elite,Humanoid,5.0.3,"9,945"
50388,"20, 70",True,Rare,Humanoid,5.0.3,"24,622"
68711,"35, 70",True,Normal,Humanoid,5.1.0,"2,854"
68687,??,False,Elite,Humanoid,5.1.0,"111,036,091"
61528,"11, 62",True,Elite,Humanoid,5.0.1,"40,866"
68904,??,False,Elite,Humanoid,5.2.0,"10399,787,247"
61567,"31, 72",True,Elite,Humanoid,5.0.1,"151,695"
64516,"35, 70",True,Normal,Humanoid,5.0.1,"1,989"
72896,"35, 70",True,Elite,Humanoid,5.4.0,"3,177,481"
62880,"35, 70",True,Rare,Humanoid,5.0.1,"45,995"
58421,"20, 70",True,Elite,Humanoid,5.0.1,"16,507"
73626,"35, 70",True,Normal,Humanoid,5.4.0,"282,246"
66553,30,False,Normal,Humanoid,5.0.3,"2,095"
72536,"10, 70",True,Normal,Humanoid,5.4.0,"4,580"
68320,"20, 70",True,Rare,Humanoid,5.1.0,"21,879"
73173,"35, 70",True,Rare Elite,Humanoid,5.4.0,"94,500"
62511,??,False,Elite,Humanoid,5.0.3,"10285,806,899"
69964,??,False,Elite,Humanoid,5.2.0,"227,520"
67992,??,False,Elite,Humanoid,5.2.0,"71,071,291"
69846,30,False,Normal,Humanoid,5.2.0,"3,208"
55789,"10, 47",True,Normal,Humanoid,5.0.1,476
65133,"35, 70",True,Normal,Humanoid,5.0.1,"13,799"
68980,70,False,Normal,Humanoid,5.1.0,"266,532"
56732,"12, 72",True,Elite,Humanoid,5.0.1,"329,116"
56448,"12, 72",True,Elite,Humanoid,5.0.1,"164,558"
67871,"35, 70",True,Normal,Humanoid,5.1.0,"2,854"
66135,"15, 53",True,Normal,Humanoid,5.0.3,"1,766"
66241,"27, 70",True,Normal,Humanoid,5.0.3,"2,854"
58710,35,False,Normal,Humanoid,5.0.1,"3,150"
68392,??,False,Elite,Humanoid,5.1.0,"129,993,600"
67024,"34, 35",True,Normal,Humanoid,5.0.4,"1,908"
44978,70,False,Normal,Humanoid,5.2.0,"152,441"
69550,"20, 70",True,Normal,Humanoid,5.2.0,624
69131,??,False,Elite,Humanoid,5.2.0,"10149,676,620"
56717,"20, 72",True,Elite,Humanoid,5.0.1,"155,232"
50750,"10, 70",True,Rare,Humanoid,5.0.4,"4,977"
69977,"70, 80",True,Normal,Humanoid,5.2.0,"2,478,822"
63691,"35, 70",True,Rare,Humanoid,5.0.1,"11,025"
50352,"20, 70",True,Rare,Humanoid,5.0.3,"1,489,907"
58850,"22, 70",True,Normal,Humanoid,5.0.1,"5,708"
62151,"35, 70",True,Normal,Humanoid,5.0.1,"334,709"
73666,"35, 70",True,Rare Elite,Humanoid,5.4.0,"12,594,775"
68633,??,False,Elite,Humanoid,5.1.0,"22,207,219"
69322,"20, 30",True,Normal,Humanoid,5.2.0,"2,095"
50749,"35, 70",True,Rare,Humanoid,5.0.3,"1,342,993"
50359,"30, 70",True,Rare,Humanoid,5.0.3,"16,034"
67993,??,False,Elite,Humanoid,5.2.0,"22,209,779"
70236,"37, 72",True,Elite,Humanoid,5.2.0,"25282,660"
71480,??,False,Elite,Humanoid,5.4.0,"1,203,271,386"
65862,35,False,Normal,Humanoid,5.0.1,"3,150"
70243,"38, 73",True,Rare Elite,Humanoid,5.2.0,"1011,325,682"
64067,35,False,Normal,Humanoid,5.0.1,"3,150"
72895,"35, 70",True,Elite,Humanoid,5.4.0,"149,751"
63349,"35, 70",True,Normal,Humanoid,5.0.1,"1,989"
62538,"35, 70",True,Normal,Humanoid,5.0.1,"3,785"
66260,"20, 70",True,Normal,Humanoid,5.0.3,"4,573"
58590,"10, 70",True,Elite,Humanoid,5.0.1,"31,299"
59583,"20, 70",True,Normal,Humanoid,5.0.1,"1,754"
58713,35,False,Normal,Humanoid,5.0.1,"3,150"
51059,"20, 70",True,Rare,Humanoid,5.0.3,"15,244"
50768,"20, 70",True,Rare,Humanoid,5.0.3,"1,708,875"
71934,70,False,Normal,Humanoid,5.4.0,"111,055"
57298,35,False,Normal,Humanoid,5.0.1,"2,854"
58721,"35, 70",True,Normal,Humanoid,5.0.1,"2,129"
50363,"10, 70",True,Rare,Humanoid,5.0.4,"1,236"
58718,"20, 35",True,Normal,Humanoid,5.0.1,"2,854"
50808,"10, 70",True,Rare,Humanoid,5.0.4,"1,236"
63083,"15, 30",True,Normal,Humanoid,5.0.1,522
60040,"12, 72",True,Elite,Humanoid,5.0.1,"115,331"
69132,??,False,Elite,Humanoid,5.2.0,"10149,676,620"
69078,??,False,Elite,Humanoid,5.2.0,"10149,676,620"
62112,"30, 70",True,Elite,Humanoid,5.0.1,"14,986"
71927,70,False,Normal,Humanoid,5.4.0,"111,055"
66512,30,False,Normal,Humanoid,5.0.3,"2,095"
68319,"35, 70",True,Rare,Humanoid,5.1.0,"34,650"
58646,35,False,Normal,Humanoid,5.0.1,"2,854"
70155,"35, 70",True,Normal,Humanoid,5.2.0,"1,591"
63614,"35, 70",True,Elite,Humanoid,5.0.1,"217,001"
68717,"35, 70",True,Normal,Humanoid,5.1.0,"2,283"
62774,"35, 70",True,Normal,Humanoid,5.0.1,"1,989"
56474,"20, 70",True,Normal,Humanoid,5.0.1,"3,785"
68322,"20, 70",True,Rare,Humanoid,5.1.0,"34,650"
50364,"20, 70",True,Rare,Humanoid,5.0.3,"25,145"
56406,"17, 70",True,Normal,Humanoid,5.0.1,"1,473"
61598,"16, 35",True,Normal,Humanoid,5.0.1,"14,270"
73704,"35, 70",True,Rare Elite,Humanoid,5.4.0,"47,250"
60506,"20, 70",True,Elite,Humanoid,5.0.1,"57,470"
66136,"30, 46",True,Normal,Humanoid,5.0.3,"2,095"
73174,"35, 70",True,Rare Elite,Humanoid,5.4.0,"189,000"
72877,"35, 70",True,Normal,Humanoid,5.4.0,"176,527"
62352,"20, 70",True,Elite,Humanoid,5.0.1,"85,620"
58463,70,False,Normal,Humanoid,5.0.1,"361,274"
59464,"19, 70",True,Normal,Humanoid,5.0.1,"4,725"
55477,"8, 11",True,Normal,Humanoid,5.0.1,118
66372,"30, 37",True,Normal,Humanoid,5.0.3,992
60231,"61, 80",True,Normal,Humanoid,5.0.1,"30,427"
56747,"26, 72",True,Elite,Humanoid,5.0.1,"126,934"
59303,"12, 72",True,Elite,Humanoid,5.0.1,"171,063"
56843,"10, 70",True,Elite,Humanoid,5.0.1,"189,436"
71858,??,False,Elite,Humanoid,5.4.0,"195,138,460"
58919,"35, 70",True,Normal,Humanoid,5.0.1,"1,307,457"
72489,70,False,Normal,Humanoid,5.4.0,"1,128,981"
65655,"10, 35",True,Normal,Humanoid,5.0.1,"1,884"
66973,"35, 70",True,Normal,Humanoid,5.0.4,"9,199"
58722,"12, 72",True,Elite,Humanoid,5.0.1,"91,620"
65651,"7, 45",True,Normal,Humanoid,5.0.1,145
57744,"20, 70",True,Normal,Humanoid,5.0.1,"1,989"
61516,"35, 70",True,Normal,Humanoid,5.0.1,398
64094,"30, 35",True,Normal,Humanoid,5.0.1,"1,989"
61749,"35, 70",True,Normal,Humanoid,5.0.1,"1,989"
57223,"30, 70",True,Normal,Humanoid,5.0.1,"3,568"
59074,"20, 70",True,Elite,Humanoid,5.0.1,"45,280"
61485,"31, 72",True,Elite,Humanoid,5.0.3,"379,238"
60583,??,False,Elite,Humanoid,5.0.1,"10188,472,658"
56884,"26, 72",True,Elite,Humanoid,5.0.1,"171,092"
50772,"30, 70",True,Rare,Humanoid,5.0.3,"3,123,793"
73657,"35, 70",True,Normal,Humanoid,5.4.0,"3,150"
64482,"30, 35",True,Normal,Humanoid,5.0.1,"3,150"
66153,"13, 70",True,Normal,Humanoid,5.0.3,"2,283"
55583,"10, 12",True,Normal,Humanoid,5.0.1,174
66933,"35, 70",True,Elite,Humanoid,5.0.4,"14,270"
59378,"35, 70",True,Normal,Humanoid,5.0.1,"9,199"
59714,"20, 70",True,Normal,Humanoid,5.0.1,623
70069,"35, 70",True,Normal,Humanoid,5.2.0,"49,323"
73170,"35, 70",True,Rare Elite,Humanoid,5.4.0,"47,605"
71152,??,False,Elite,Humanoid,5.4.0,"364,562,649"
65478,"46, 70",True,Normal,Humanoid,5.0.1,"222,098"
61819,"32, 70",True,Normal,Humanoid,5.0.1,"1,989"
65574,"35, 70",True,Normal,Humanoid,5.0.1,"2,854"
73030,"35, 70",True,Elite,Humanoid,5.4.0,"59,670"
65310,??,False,Elite,Mechanical,5.0.1,"1,914,963,840"
43929,"10, 35",True,Normal,Mechanical,5.0.4,"3,150"
50358,"38, 73",True,Rare Elite,Mechanical,5.2.0,"27,896"
71504,??,False,Elite,Mechanical,5.4.0,"200,321,600"
69427,??,False,Elite,Mechanical,5.2.0,"10366,609,523"
69347,"37, 72",True,Elite,Mechanical,5.2.0,"152,700"
71933,70,False,Normal,Mechanical,5.4.0,"112,919"
71466,??,False,Elite,Mechanical,5.4.0,"248,576,348"
67127,"9, 70",True,Normal,Mechanical,5.0.4,1
69241,72,False,Normal,Undead,5.2.0,"444,216"
70022,"35, 70",True,Normal,Undead,5.2.0,"3,150"
73281,"35, 70",True,Rare Elite,Undead,5.4.0,"189,000"
72048,"35, 70",True,Rare,Undead,5.4.0,"555,245"
61657,"9, 58",True,Elite,Undead,5.0.1,"2,728"
50335,30,False,Rare,Undead,5.2.0,"3,053"
60009,??,False,Elite,Undead,5.0.1,"318,380,000"
69341,"37, 72",True,Elite,Undead,5.2.0,"152,700"
61658,"9, 58",True,Elite,Undead,5.0.1,"8,826"
69809,"35, 70",True,Normal,Undead,5.2.0,"19,890"
61408,"11, 60",True,Elite,Undead,5.0.1,"40,866"
58633,"12, 72",True,Elite,Undead,5.0.1,"48,860"
69800,"35, 70",True,Normal,Undead,5.2.0,"19,890"
59153,"12, 72",True,Elite,Undead,5.0.1,"262,321"
69961,"35, 70",True,Normal,Undead,5.2.0,"15,910"
70586,"37, 72",True,Elite,Undead,5.2.0,"292,156"
59184,"12, 72",True,Elite,Undead,5.0.1,"217,921"
59613,"11, 71",True,Elite,Undead,5.0.1,"48,725"
70440,37,False,Rare Elite,Undead,5.3.0,"25293,184"
